"id","distance_cm_inside","distance_cm_outside","device_code","measured_at","errors"
127795748,"194","195","F0:08:D1:D0:7B:84","2025-01-21 18:56:34",0
127795747,"194","195","F0:08:D1:D0:7B:84","2025-01-21 18:56:34",0
127795749,"195","196","F0:08:D1:D0:7B:84","2025-01-21 18:56:34",0
127795746,"195","197","F0:08:D1:D0:7B:84","2025-01-21 18:56:34",0
127795745,"195","196","F0:08:D1:D0:7B:84","2025-01-21 18:56:34",0
127795744,"195","196","F0:08:D1:D0:7B:84","2025-01-21 18:56:34",0
127795737,"22","201","F0:08:D1:D0:7B:84","2025-01-21 18:56:33",0
127795738,"23","199","F0:08:D1:D0:7B:84","2025-01-21 18:56:33",0
127795743,"195","195","F0:08:D1:D0:7B:84","2025-01-21 18:56:33",0
127795742,"194","196","F0:08:D1:D0:7B:84","2025-01-21 18:56:33",0
127795741,"194","195","F0:08:D1:D0:7B:84","2025-01-21 18:56:33",0
127795740,"221","198","F0:08:D1:D0:7B:84","2025-01-21 18:56:33",0
127795739,"221","196","F0:08:D1:D0:7B:84","2025-01-21 18:56:33",0
127795734,"31","218","F0:08:D1:D0:7B:84","2025-01-21 18:56:32",0
127795736,"20","206","F0:08:D1:D0:7B:84","2025-01-21 18:56:32",0
127795735,"22","219","F0:08:D1:D0:7B:84","2025-01-21 18:56:32",0
127795733,"200","218","F0:08:D1:D0:7B:84","2025-01-21 18:56:32",0
127795732,"106","220","F0:08:D1:D0:7B:84","2025-01-21 18:56:32",0
127795731,"195","199","F0:08:D1:D0:7B:84","2025-01-21 18:56:32",0
127795730,"195","197","F0:08:D1:D0:7B:84","2025-01-21 18:56:32",0
127795729,"195","196","F0:08:D1:D0:7B:84","2025-01-21 18:56:32",0
127795722,"195","197","F0:08:D1:D0:7B:84","2025-01-21 18:56:31",0
127795728,"159","195","F0:08:D1:D0:7B:84","2025-01-21 18:56:31",0
127795727,"195","196","F0:08:D1:D0:7B:84","2025-01-21 18:56:31",0
127795726,"195","196","F0:08:D1:D0:7B:84","2025-01-21 18:56:31",0
127795725,"195","196","F0:08:D1:D0:7B:84","2025-01-21 18:56:31",0
127795724,"195","197","F0:08:D1:D0:7B:84","2025-01-21 18:56:31",0
127795723,"165","196","F0:08:D1:D0:7B:84","2025-01-21 18:56:31",0
127795716,"195","196","F0:08:D1:D0:7B:84","2025-01-21 18:56:30",0
127795721,"195","196","F0:08:D1:D0:7B:84","2025-01-21 18:56:30",0
127795720,"195","195","F0:08:D1:D0:7B:84","2025-01-21 18:56:30",0
127795719,"195","197","F0:08:D1:D0:7B:84","2025-01-21 18:56:30",0
127795718,"195","196","F0:08:D1:D0:7B:84","2025-01-21 18:56:30",0
127795717,"195","195","F0:08:D1:D0:7B:84","2025-01-21 18:56:30",0
127795715,"195","196","F0:08:D1:D0:7B:84","2025-01-21 18:56:30",0
127795710,"196","200","F0:08:D1:D0:7B:84","2025-01-21 18:56:29",0
127795714,"195","196","F0:08:D1:D0:7B:84","2025-01-21 18:56:29",0
127795708,"199","206","F0:08:D1:D0:7B:84","2025-01-21 18:56:29",0
127795713,"195","196","F0:08:D1:D0:7B:84","2025-01-21 18:56:29",0
127795712,"195","195","F0:08:D1:D0:7B:84","2025-01-21 18:56:29",0
127795711,"196","196","F0:08:D1:D0:7B:84","2025-01-21 18:56:29",0
127795709,"89","201","F0:08:D1:D0:7B:84","2025-01-21 18:56:29",0
127795704,"0","218","F0:08:D1:D0:7B:84","2025-01-21 18:56:28",64
127795707,"199","24","F0:08:D1:D0:7B:84","2025-01-21 18:56:28",0
127795706,"0","25","F0:08:D1:D0:7B:84","2025-01-21 18:56:28",64
127795705,"26","0","F0:08:D1:D0:7B:84","2025-01-21 18:56:28",32
127795703,"23","196","F0:08:D1:D0:7B:84","2025-01-21 18:56:28",0
127795702,"0","196","F0:08:D1:D0:7B:84","2025-01-21 18:56:28",64
127795701,"33","197","F0:08:D1:D0:7B:84","2025-01-21 18:56:28",0
127795700,"195","196","F0:08:D1:D0:7B:84","2025-01-21 18:56:28",0
127795693,"196","195","F0:08:D1:D0:7B:84","2025-01-21 18:56:27",0
127795699,"194","196","F0:08:D1:D0:7B:84","2025-01-21 18:56:27",0
127795698,"195","195","F0:08:D1:D0:7B:84","2025-01-21 18:56:27",0
127795697,"196","195","F0:08:D1:D0:7B:84","2025-01-21 18:56:27",0
127795696,"196","195","F0:08:D1:D0:7B:84","2025-01-21 18:56:27",0
127795695,"196","195","F0:08:D1:D0:7B:84","2025-01-21 18:56:27",0
127795694,"196","197","F0:08:D1:D0:7B:84","2025-01-21 18:56:27",0
127795687,"195","195","F0:08:D1:D0:7B:84","2025-01-21 18:56:26",0
127795692,"196","197","F0:08:D1:D0:7B:84","2025-01-21 18:56:26",0
127795691,"196","197","F0:08:D1:D0:7B:84","2025-01-21 18:56:26",0
127795690,"196","196","F0:08:D1:D0:7B:84","2025-01-21 18:56:26",0
127795689,"196","195","F0:08:D1:D0:7B:84","2025-01-21 18:56:26",0
127795688,"195","195","F0:08:D1:D0:7B:84","2025-01-21 18:56:26",0
127795686,"195","197","F0:08:D1:D0:7B:84","2025-01-21 18:56:26",0
127795684,"195","196","F0:08:D1:D0:7B:84","2025-01-21 18:56:25",0
127795685,"195","195","F0:08:D1:D0:7B:84","2025-01-21 18:56:25",0
127795683,"195","196","F0:08:D1:D0:7B:84","2025-01-21 18:56:25",0
127795682,"195","195","F0:08:D1:D0:7B:84","2025-01-21 18:56:25",0
127795681,"95","195","F0:08:D1:D0:7B:84","2025-01-21 18:56:25",0
127795680,"195","197","F0:08:D1:D0:7B:84","2025-01-21 18:56:25",0
127795679,"195","196","F0:08:D1:D0:7B:84","2025-01-21 18:56:25",0
127795671,"195","196","F0:08:D1:D0:7B:84","2025-01-21 18:56:24",0
127795678,"195","197","F0:08:D1:D0:7B:84","2025-01-21 18:56:24",0
127795677,"195","197","F0:08:D1:D0:7B:84","2025-01-21 18:56:24",0
127795676,"195","195","F0:08:D1:D0:7B:84","2025-01-21 18:56:24",0
127795675,"195","195","F0:08:D1:D0:7B:84","2025-01-21 18:56:24",0
127795674,"195","195","F0:08:D1:D0:7B:84","2025-01-21 18:56:24",0
127795673,"95","195","F0:08:D1:D0:7B:84","2025-01-21 18:56:24",0
127795672,"145","195","F0:08:D1:D0:7B:84","2025-01-21 18:56:24",0
127795665,"195","196","F0:08:D1:D0:7B:84","2025-01-21 18:56:23",0
127795670,"195","196","F0:08:D1:D0:7B:84","2025-01-21 18:56:23",0
127795669,"195","196","F0:08:D1:D0:7B:84","2025-01-21 18:56:23",0
127795668,"195","196","F0:08:D1:D0:7B:84","2025-01-21 18:56:23",0
127795667,"195","197","F0:08:D1:D0:7B:84","2025-01-21 18:56:23",0
127795666,"195","197","F0:08:D1:D0:7B:84","2025-01-21 18:56:23",0
127795664,"196","196","F0:08:D1:D0:7B:84","2025-01-21 18:56:23",0
127795660,"195","197","F0:08:D1:D0:7B:84","2025-01-21 18:56:22",0
127795663,"195","197","F0:08:D1:D0:7B:84","2025-01-21 18:56:22",0
127795658,"195","195","F0:08:D1:D0:7B:84","2025-01-21 18:56:22",0
127795662,"195","197","F0:08:D1:D0:7B:84","2025-01-21 18:56:22",0
127795657,"195","198","F0:08:D1:D0:7B:84","2025-01-21 18:56:22",0
127795661,"195","198","F0:08:D1:D0:7B:84","2025-01-21 18:56:22",0
127795659,"80","197","F0:08:D1:D0:7B:84","2025-01-21 18:56:22",0
127795649,"196","196","F0:08:D1:D0:7B:84","2025-01-21 18:56:21",0
127795656,"194","196","F0:08:D1:D0:7B:84","2025-01-21 18:56:21",0
127795655,"195","197","F0:08:D1:D0:7B:84","2025-01-21 18:56:21",0
127795654,"27","197","F0:08:D1:D0:7B:84","2025-01-21 18:56:21",0
127795653,"24","27","F0:08:D1:D0:7B:84","2025-01-21 18:56:21",0
127795652,"202","24","F0:08:D1:D0:7B:84","2025-01-21 18:56:21",0
127795651,"199","28","F0:08:D1:D0:7B:84","2025-01-21 18:56:21",0
127795650,"195","0","F0:08:D1:D0:7B:84","2025-01-21 18:56:21",32
127795642,"131","197","F0:08:D1:D0:7B:84","2025-01-21 18:56:20",0
127795648,"151","197","F0:08:D1:D0:7B:84","2025-01-21 18:56:20",0
127795647,"82","196","F0:08:D1:D0:7B:84","2025-01-21 18:56:20",0
127795646,"195","196","F0:08:D1:D0:7B:84","2025-01-21 18:56:20",0
127795645,"195","195","F0:08:D1:D0:7B:84","2025-01-21 18:56:20",0
127795644,"195","195","F0:08:D1:D0:7B:84","2025-01-21 18:56:20",0
127795643,"195","196","F0:08:D1:D0:7B:84","2025-01-21 18:56:20",0
127795436,"126","198","F0:08:D1:D0:7B:84","2025-01-21 18:56:19",0
127795641,"94","197","F0:08:D1:D0:7B:84","2025-01-21 18:56:19",0
127795440,"195","195","F0:08:D1:D0:7B:84","2025-01-21 18:56:19",0
127795439,"195","196","F0:08:D1:D0:7B:84","2025-01-21 18:56:19",0
127795438,"195","195","F0:08:D1:D0:7B:84","2025-01-21 18:56:19",0
127795437,"195","196","F0:08:D1:D0:7B:84","2025-01-21 18:56:19",0
127795435,"195","197","F0:08:D1:D0:7B:84","2025-01-21 18:56:19",0
127795433,"195","196","F0:08:D1:D0:7B:84","2025-01-21 18:56:18",0
127795434,"195","196","F0:08:D1:D0:7B:84","2025-01-21 18:56:18",0
127795432,"99","197","F0:08:D1:D0:7B:84","2025-01-21 18:56:18",0
127795431,"195","195","F0:08:D1:D0:7B:84","2025-01-21 18:56:18",0
127795430,"195","195","F0:08:D1:D0:7B:84","2025-01-21 18:56:18",0
127795429,"195","196","F0:08:D1:D0:7B:84","2025-01-21 18:56:18",0
127795428,"195","196","F0:08:D1:D0:7B:84","2025-01-21 18:56:18",0
127795427,"195","196","F0:08:D1:D0:7B:84","2025-01-21 18:56:18",0
127795420,"195","195","F0:08:D1:D0:7B:84","2025-01-21 18:56:17",0
127795426,"195","196","F0:08:D1:D0:7B:84","2025-01-21 18:56:17",0
127795425,"195","196","F0:08:D1:D0:7B:84","2025-01-21 18:56:17",0
127795424,"195","196","F0:08:D1:D0:7B:84","2025-01-21 18:56:17",0
127795423,"195","196","F0:08:D1:D0:7B:84","2025-01-21 18:56:17",0
127795422,"195","198","F0:08:D1:D0:7B:84","2025-01-21 18:56:17",0
127795421,"195","197","F0:08:D1:D0:7B:84","2025-01-21 18:56:17",0
127795414,"23","24","F0:08:D1:D0:7B:84","2025-01-21 18:56:16",0
127795419,"195","196","F0:08:D1:D0:7B:84","2025-01-21 18:56:16",0
127795418,"194","195","F0:08:D1:D0:7B:84","2025-01-21 18:56:16",0
127795417,"195","0","F0:08:D1:D0:7B:84","2025-01-21 18:56:16",32
127795416,"200","0","F0:08:D1:D0:7B:84","2025-01-21 18:56:16",32
127795415,"0","26","F0:08:D1:D0:7B:84","2025-01-21 18:56:16",64
127795413,"23","29","F0:08:D1:D0:7B:84","2025-01-21 18:56:16",0
127795408,"102","198","F0:08:D1:D0:7B:84","2025-01-21 18:56:15",0
127795406,"195","196","F0:08:D1:D0:7B:84","2025-01-21 18:56:15",0
127795412,"23","215","F0:08:D1:D0:7B:84","2025-01-21 18:56:15",0
127795411,"22","198","F0:08:D1:D0:7B:84","2025-01-21 18:56:15",0
127795410,"24","196","F0:08:D1:D0:7B:84","2025-01-21 18:56:15",0
127795409,"0","196","F0:08:D1:D0:7B:84","2025-01-21 18:56:15",64
127795407,"199","196","F0:08:D1:D0:7B:84","2025-01-21 18:56:15",0
127795398,"195","196","F0:08:D1:D0:7B:84","2025-01-21 18:56:14",0
127795405,"196","195","F0:08:D1:D0:7B:84","2025-01-21 18:56:14",0
127795404,"195","197","F0:08:D1:D0:7B:84","2025-01-21 18:56:14",0
127795403,"195","196","F0:08:D1:D0:7B:84","2025-01-21 18:56:14",0
127795402,"195","196","F0:08:D1:D0:7B:84","2025-01-21 18:56:14",0
127795401,"195","196","F0:08:D1:D0:7B:84","2025-01-21 18:56:14",0
127795400,"195","197","F0:08:D1:D0:7B:84","2025-01-21 18:56:14",0
127795399,"195","195","F0:08:D1:D0:7B:84","2025-01-21 18:56:14",0
127795391,"196","195","F0:08:D1:D0:7B:84","2025-01-21 18:56:13",0
127795397,"195","196","F0:08:D1:D0:7B:84","2025-01-21 18:56:13",0
127795396,"195","197","F0:08:D1:D0:7B:84","2025-01-21 18:56:13",0
127795395,"195","196","F0:08:D1:D0:7B:84","2025-01-21 18:56:13",0
127795394,"137","197","F0:08:D1:D0:7B:84","2025-01-21 18:56:13",0
127795393,"195","196","F0:08:D1:D0:7B:84","2025-01-21 18:56:13",0
127795392,"196","196","F0:08:D1:D0:7B:84","2025-01-21 18:56:13",0
127795385,"195","196","F0:08:D1:D0:7B:84","2025-01-21 18:56:12",0
127795390,"195","196","F0:08:D1:D0:7B:84","2025-01-21 18:56:12",0
127795389,"195","197","F0:08:D1:D0:7B:84","2025-01-21 18:56:12",0
127795388,"196","197","F0:08:D1:D0:7B:84","2025-01-21 18:56:12",0
127795387,"195","196","F0:08:D1:D0:7B:84","2025-01-21 18:56:12",0
127795386,"195","197","F0:08:D1:D0:7B:84","2025-01-21 18:56:12",0
127795384,"120","197","F0:08:D1:D0:7B:84","2025-01-21 18:56:12",0
127795378,"133","195","F0:08:D1:D0:7B:84","2025-01-21 18:56:11",0
127795383,"195","195","F0:08:D1:D0:7B:84","2025-01-21 18:56:11",0
127795382,"195","196","F0:08:D1:D0:7B:84","2025-01-21 18:56:11",0
127795381,"195","197","F0:08:D1:D0:7B:84","2025-01-21 18:56:11",0
127795380,"119","196","F0:08:D1:D0:7B:84","2025-01-21 18:56:11",0
127795379,"159","197","F0:08:D1:D0:7B:84","2025-01-21 18:56:11",0
127795377,"195","196","F0:08:D1:D0:7B:84","2025-01-21 18:56:11",0
127795373,"195","196","F0:08:D1:D0:7B:84","2025-01-21 18:56:10",0
127795376,"196","197","F0:08:D1:D0:7B:84","2025-01-21 18:56:10",0
127795375,"196","196","F0:08:D1:D0:7B:84","2025-01-21 18:56:10",0
127795374,"196","196","F0:08:D1:D0:7B:84","2025-01-21 18:56:10",0
127795372,"195","197","F0:08:D1:D0:7B:84","2025-01-21 18:56:10",0
127795371,"195","198","F0:08:D1:D0:7B:84","2025-01-21 18:56:10",0
127795370,"196","198","F0:08:D1:D0:7B:84","2025-01-21 18:56:10",0
127795369,"195","197","F0:08:D1:D0:7B:84","2025-01-21 18:56:10",0
127795362,"196","196","F0:08:D1:D0:7B:84","2025-01-21 18:56:09",0
127795368,"181","197","F0:08:D1:D0:7B:84","2025-01-21 18:56:09",0
127795367,"195","198","F0:08:D1:D0:7B:84","2025-01-21 18:56:09",0
127795366,"196","197","F0:08:D1:D0:7B:84","2025-01-21 18:56:09",0
127795365,"196","195","F0:08:D1:D0:7B:84","2025-01-21 18:56:09",0
127795364,"197","195","F0:08:D1:D0:7B:84","2025-01-21 18:56:09",0
127795363,"197","195","F0:08:D1:D0:7B:84","2025-01-21 18:56:09",0
127795356,"195","197","F0:08:D1:D0:7B:84","2025-01-21 18:56:08",0
127795361,"163","196","F0:08:D1:D0:7B:84","2025-01-21 18:56:08",0
127795360,"195","197","F0:08:D1:D0:7B:84","2025-01-21 18:56:08",0
127795359,"195","196","F0:08:D1:D0:7B:84","2025-01-21 18:56:08",0
127795358,"153","198","F0:08:D1:D0:7B:84","2025-01-21 18:56:08",0
127795357,"196","197","F0:08:D1:D0:7B:84","2025-01-21 18:56:08",0
127795355,"195","196","F0:08:D1:D0:7B:84","2025-01-21 18:56:08",0
127795349,"209","21","F0:08:D1:D0:7B:84","2025-01-21 18:56:07",0
127795354,"27","198","F0:08:D1:D0:7B:84","2025-01-21 18:56:07",0
127795353,"25","217","F0:08:D1:D0:7B:84","2025-01-21 18:56:07",0
127795352,"23","219","F0:08:D1:D0:7B:84","2025-01-21 18:56:07",0
127795347,"148","23","F0:08:D1:D0:7B:84","2025-01-21 18:56:07",0
127795351,"23","219","F0:08:D1:D0:7B:84","2025-01-21 18:56:07",0
127795350,"31","26","F0:08:D1:D0:7B:84","2025-01-21 18:56:07",0
127795348,"0","21","F0:08:D1:D0:7B:84","2025-01-21 18:56:07",64
127795343,"196","198","F0:08:D1:D0:7B:84","2025-01-21 18:56:06",0
127795340,"195","198","F0:08:D1:D0:7B:84","2025-01-21 18:56:06",0
127795341,"195","195","F0:08:D1:D0:7B:84","2025-01-21 18:56:06",0
127795342,"195","200","F0:08:D1:D0:7B:84","2025-01-21 18:56:06",0
127795344,"195","205","F0:08:D1:D0:7B:84","2025-01-21 18:56:06",0
127795345,"195","205","F0:08:D1:D0:7B:84","2025-01-21 18:56:06",0
127795346,"196","23","F0:08:D1:D0:7B:84","2025-01-21 18:56:06",0
127795339,"195","199","F0:08:D1:D0:7B:84","2025-01-21 18:56:05",0
127795338,"195","198","F0:08:D1:D0:7B:84","2025-01-21 18:56:05",0
127795337,"195","196","F0:08:D1:D0:7B:84","2025-01-21 18:56:05",0
127795336,"74","195","F0:08:D1:D0:7B:84","2025-01-21 18:56:05",0
127795335,"195","195","F0:08:D1:D0:7B:84","2025-01-21 18:56:05",0
127795334,"195","197","F0:08:D1:D0:7B:84","2025-01-21 18:56:05",0
127795333,"195","197","F0:08:D1:D0:7B:84","2025-01-21 18:56:05",0
127795125,"195","196","F0:08:D1:D0:7B:84","2025-01-21 18:56:04",0
127795126,"114","197","F0:08:D1:D0:7B:84","2025-01-21 18:56:04",0
127795332,"194","198","F0:08:D1:D0:7B:84","2025-01-21 18:56:04",0
127795131,"195","198","F0:08:D1:D0:7B:84","2025-01-21 18:56:04",0
127795130,"195","196","F0:08:D1:D0:7B:84","2025-01-21 18:56:04",0
127795129,"195","195","F0:08:D1:D0:7B:84","2025-01-21 18:56:04",0
127795128,"194","195","F0:08:D1:D0:7B:84","2025-01-21 18:56:04",0
127795127,"194","195","F0:08:D1:D0:7B:84","2025-01-21 18:56:04",0
127795124,"195","198","F0:08:D1:D0:7B:84","2025-01-21 18:56:03",0
127795123,"195","196","F0:08:D1:D0:7B:84","2025-01-21 18:56:03",0
127795122,"194","195","F0:08:D1:D0:7B:84","2025-01-21 18:56:03",0
127795121,"195","195","F0:08:D1:D0:7B:84","2025-01-21 18:56:03",0
127795120,"195","195","F0:08:D1:D0:7B:84","2025-01-21 18:56:03",0
127795119,"195","195","F0:08:D1:D0:7B:84","2025-01-21 18:56:03",0
127795118,"195","195","F0:08:D1:D0:7B:84","2025-01-21 18:56:03",0
127795111,"195","197","F0:08:D1:D0:7B:84","2025-01-21 18:56:02",0
127795117,"195","195","F0:08:D1:D0:7B:84","2025-01-21 18:56:02",0
127795116,"195","196","F0:08:D1:D0:7B:84","2025-01-21 18:56:02",0
127795115,"195","198","F0:08:D1:D0:7B:84","2025-01-21 18:56:02",0
127795114,"195","197","F0:08:D1:D0:7B:84","2025-01-21 18:56:02",0
127795113,"195","198","F0:08:D1:D0:7B:84","2025-01-21 18:56:02",0
127795112,"195","196","F0:08:D1:D0:7B:84","2025-01-21 18:56:02",0
127795105,"195","195","F0:08:D1:D0:7B:84","2025-01-21 18:56:01",0
127795110,"195","197","F0:08:D1:D0:7B:84","2025-01-21 18:56:01",0
127795109,"195","197","F0:08:D1:D0:7B:84","2025-01-21 18:56:01",0
127795108,"195","195","F0:08:D1:D0:7B:84","2025-01-21 18:56:01",0
127795107,"196","198","F0:08:D1:D0:7B:84","2025-01-21 18:56:01",0
127795106,"196","197","F0:08:D1:D0:7B:84","2025-01-21 18:56:01",0
127795104,"195","198","F0:08:D1:D0:7B:84","2025-01-21 18:56:01",0
127795099,"195","203","F0:08:D1:D0:7B:84","2025-01-21 18:56:00",0
127795097,"201","26","F0:08:D1:D0:7B:84","2025-01-21 18:56:00",0
127795103,"195","197","F0:08:D1:D0:7B:84","2025-01-21 18:56:00",0
127795102,"195","197","F0:08:D1:D0:7B:84","2025-01-21 18:56:00",0
127795101,"195","196","F0:08:D1:D0:7B:84","2025-01-21 18:56:00",0
127795100,"195","196","F0:08:D1:D0:7B:84","2025-01-21 18:56:00",0
127795098,"98","0","F0:08:D1:D0:7B:84","2025-01-21 18:56:00",32
127795093,"32","196","F0:08:D1:D0:7B:84","2025-01-21 18:55:59",0
127795096,"0","218","F0:08:D1:D0:7B:84","2025-01-21 18:55:59",64
127795095,"25","195","F0:08:D1:D0:7B:84","2025-01-21 18:55:59",0
127795094,"31","34","F0:08:D1:D0:7B:84","2025-01-21 18:55:59",0
127795092,"194","196","F0:08:D1:D0:7B:84","2025-01-21 18:55:59",0
127795091,"195","196","F0:08:D1:D0:7B:84","2025-01-21 18:55:59",0
127795090,"93","197","F0:08:D1:D0:7B:84","2025-01-21 18:55:59",0
127795089,"195","195","F0:08:D1:D0:7B:84","2025-01-21 18:55:59",0
127795082,"196","197","F0:08:D1:D0:7B:84","2025-01-21 18:55:58",0
127795088,"89","195","F0:08:D1:D0:7B:84","2025-01-21 18:55:58",0
127795087,"195","196","F0:08:D1:D0:7B:84","2025-01-21 18:55:58",0
127795086,"195","197","F0:08:D1:D0:7B:84","2025-01-21 18:55:58",0
127795085,"195","195","F0:08:D1:D0:7B:84","2025-01-21 18:55:58",0
127795084,"91","196","F0:08:D1:D0:7B:84","2025-01-21 18:55:58",0
127795083,"195","197","F0:08:D1:D0:7B:84","2025-01-21 18:55:58",0
127795076,"197","196","F0:08:D1:D0:7B:84","2025-01-21 18:55:57",0
127795081,"195","196","F0:08:D1:D0:7B:84","2025-01-21 18:55:57",0
127795080,"195","195","F0:08:D1:D0:7B:84","2025-01-21 18:55:57",0
127795079,"195","196","F0:08:D1:D0:7B:84","2025-01-21 18:55:57",0
127795078,"197","196","F0:08:D1:D0:7B:84","2025-01-21 18:55:57",0
127795077,"196","197","F0:08:D1:D0:7B:84","2025-01-21 18:55:57",0
127795075,"196","197","F0:08:D1:D0:7B:84","2025-01-21 18:55:57",0
127795072,"196","197","F0:08:D1:D0:7B:84","2025-01-21 18:55:56",0
127795074,"196","195","F0:08:D1:D0:7B:84","2025-01-21 18:55:56",0
127795073,"196","197","F0:08:D1:D0:7B:84","2025-01-21 18:55:56",0
127795071,"196","195","F0:08:D1:D0:7B:84","2025-01-21 18:55:56",0
127795070,"196","197","F0:08:D1:D0:7B:84","2025-01-21 18:55:56",0
127795069,"195","198","F0:08:D1:D0:7B:84","2025-01-21 18:55:56",0
127795068,"195","196","F0:08:D1:D0:7B:84","2025-01-21 18:55:56",0
127795067,"195","195","F0:08:D1:D0:7B:84","2025-01-21 18:55:56",0
127795060,"196","195","F0:08:D1:D0:7B:84","2025-01-21 18:55:55",0
127795066,"24","195","F0:08:D1:D0:7B:84","2025-01-21 18:55:55",0
127795065,"3","195","F0:08:D1:D0:7B:84","2025-01-21 18:55:55",0
127795064,"104","196","F0:08:D1:D0:7B:84","2025-01-21 18:55:55",0
127795063,"81","195","F0:08:D1:D0:7B:84","2025-01-21 18:55:55",0
127795062,"86","196","F0:08:D1:D0:7B:84","2025-01-21 18:55:55",0
127795061,"99","197","F0:08:D1:D0:7B:84","2025-01-21 18:55:55",0
127795054,"196","195","F0:08:D1:D0:7B:84","2025-01-21 18:55:54",0
127795059,"196","195","F0:08:D1:D0:7B:84","2025-01-21 18:55:54",0
127795058,"196","196","F0:08:D1:D0:7B:84","2025-01-21 18:55:54",0
127795057,"196","195","F0:08:D1:D0:7B:84","2025-01-21 18:55:54",0
127795056,"196","195","F0:08:D1:D0:7B:84","2025-01-21 18:55:54",0
127795055,"196","195","F0:08:D1:D0:7B:84","2025-01-21 18:55:54",0
127795053,"196","195","F0:08:D1:D0:7B:84","2025-01-21 18:55:54",0
127795048,"196","195","F0:08:D1:D0:7B:84","2025-01-21 18:55:53",0
127795052,"196","195","F0:08:D1:D0:7B:84","2025-01-21 18:55:53",0
127795051,"196","195","F0:08:D1:D0:7B:84","2025-01-21 18:55:53",0
127795046,"196","195","F0:08:D1:D0:7B:84","2025-01-21 18:55:53",0
127795050,"196","196","F0:08:D1:D0:7B:84","2025-01-21 18:55:53",0
127795045,"196","195","F0:08:D1:D0:7B:84","2025-01-21 18:55:53",0
127795049,"196","195","F0:08:D1:D0:7B:84","2025-01-21 18:55:53",0
127795047,"196","195","F0:08:D1:D0:7B:84","2025-01-21 18:55:53",0
127795039,"196","195","F0:08:D1:D0:7B:84","2025-01-21 18:55:52",0
127795044,"196","196","F0:08:D1:D0:7B:84","2025-01-21 18:55:52",0
127795043,"196","195","F0:08:D1:D0:7B:84","2025-01-21 18:55:52",0
127795042,"196","195","F0:08:D1:D0:7B:84","2025-01-21 18:55:52",0
127795041,"196","195","F0:08:D1:D0:7B:84","2025-01-21 18:55:52",0
127795040,"111","195","F0:08:D1:D0:7B:84","2025-01-21 18:55:52",0
127795038,"196","195","F0:08:D1:D0:7B:84","2025-01-21 18:55:52",0
127795031,"196","195","F0:08:D1:D0:7B:84","2025-01-21 18:55:51",0
127795037,"196","195","F0:08:D1:D0:7B:84","2025-01-21 18:55:51",0
127795036,"196","195","F0:08:D1:D0:7B:84","2025-01-21 18:55:51",0
127795035,"196","195","F0:08:D1:D0:7B:84","2025-01-21 18:55:51",0
127795034,"196","195","F0:08:D1:D0:7B:84","2025-01-21 18:55:51",0
127795033,"196","196","F0:08:D1:D0:7B:84","2025-01-21 18:55:51",0
127795032,"196","195","F0:08:D1:D0:7B:84","2025-01-21 18:55:51",0
127795025,"197","196","F0:08:D1:D0:7B:84","2025-01-21 18:55:50",0
127795030,"196","195","F0:08:D1:D0:7B:84","2025-01-21 18:55:50",0
127795029,"196","195","F0:08:D1:D0:7B:84","2025-01-21 18:55:50",0
127795028,"196","195","F0:08:D1:D0:7B:84","2025-01-21 18:55:50",0
127795027,"142","194","F0:08:D1:D0:7B:84","2025-01-21 18:55:50",0
127795026,"196","195","F0:08:D1:D0:7B:84","2025-01-21 18:55:50",0
127795024,"197","196","F0:08:D1:D0:7B:84","2025-01-21 18:55:50",0
127794822,"196","195","F0:08:D1:D0:7B:84","2025-01-21 18:55:49",0
127795023,"196","195","F0:08:D1:D0:7B:84","2025-01-21 18:55:49",0
127794821,"197","195","F0:08:D1:D0:7B:84","2025-01-21 18:55:49",0
127794820,"196","195","F0:08:D1:D0:7B:84","2025-01-21 18:55:49",0
127794819,"196","195","F0:08:D1:D0:7B:84","2025-01-21 18:55:49",0
127794818,"197","195","F0:08:D1:D0:7B:84","2025-01-21 18:55:49",0
127794817,"197","196","F0:08:D1:D0:7B:84","2025-01-21 18:55:49",0
127794809,"196","195","F0:08:D1:D0:7B:84","2025-01-21 18:55:48",0
127794816,"94","197","F0:08:D1:D0:7B:84","2025-01-21 18:55:48",0
127794815,"196","195","F0:08:D1:D0:7B:84","2025-01-21 18:55:48",0
127794814,"196","196","F0:08:D1:D0:7B:84","2025-01-21 18:55:48",0
127794813,"196","195","F0:08:D1:D0:7B:84","2025-01-21 18:55:48",0
127794812,"196","197","F0:08:D1:D0:7B:84","2025-01-21 18:55:48",0
127794811,"196","195","F0:08:D1:D0:7B:84","2025-01-21 18:55:48",0
127794810,"196","197","F0:08:D1:D0:7B:84","2025-01-21 18:55:48",0
127794803,"196","195","F0:08:D1:D0:7B:84","2025-01-21 18:55:47",0
127794808,"196","195","F0:08:D1:D0:7B:84","2025-01-21 18:55:47",0
127794807,"197","195","F0:08:D1:D0:7B:84","2025-01-21 18:55:47",0
127794806,"196","195","F0:08:D1:D0:7B:84","2025-01-21 18:55:47",0
127794805,"196","196","F0:08:D1:D0:7B:84","2025-01-21 18:55:47",0
127794804,"196","195","F0:08:D1:D0:7B:84","2025-01-21 18:55:47",0
127794802,"196","195","F0:08:D1:D0:7B:84","2025-01-21 18:55:47",0
127794797,"196","195","F0:08:D1:D0:7B:84","2025-01-21 18:55:46",0
127794801,"196","196","F0:08:D1:D0:7B:84","2025-01-21 18:55:46",0
127794795,"197","196","F0:08:D1:D0:7B:84","2025-01-21 18:55:46",0
127794800,"127","195","F0:08:D1:D0:7B:84","2025-01-21 18:55:46",0
127794799,"197","195","F0:08:D1:D0:7B:84","2025-01-21 18:55:46",0
127794798,"196","195","F0:08:D1:D0:7B:84","2025-01-21 18:55:46",0
127794796,"134","195","F0:08:D1:D0:7B:84","2025-01-21 18:55:46",0
127794788,"197","196","F0:08:D1:D0:7B:84","2025-01-21 18:55:45",0
127794794,"196","195","F0:08:D1:D0:7B:84","2025-01-21 18:55:45",0
127794793,"196","197","F0:08:D1:D0:7B:84","2025-01-21 18:55:45",0
127794792,"196","195","F0:08:D1:D0:7B:84","2025-01-21 18:55:45",0
127794791,"196","195","F0:08:D1:D0:7B:84","2025-01-21 18:55:45",0
127794790,"113","195","F0:08:D1:D0:7B:84","2025-01-21 18:55:45",0
127794789,"197","195","F0:08:D1:D0:7B:84","2025-01-21 18:55:45",0
127794780,"102","196","F0:08:D1:D0:7B:84","2025-01-21 18:55:44",0
127794787,"178","197","F0:08:D1:D0:7B:84","2025-01-21 18:55:44",0
127794786,"99","195","F0:08:D1:D0:7B:84","2025-01-21 18:55:44",0
127794785,"197","195","F0:08:D1:D0:7B:84","2025-01-21 18:55:44",0
127794784,"196","195","F0:08:D1:D0:7B:84","2025-01-21 18:55:44",0
127794783,"196","196","F0:08:D1:D0:7B:84","2025-01-21 18:55:44",0
127794782,"196","194","F0:08:D1:D0:7B:84","2025-01-21 18:55:44",0
127794781,"196","195","F0:08:D1:D0:7B:84","2025-01-21 18:55:44",0
127794774,"196","195","F0:08:D1:D0:7B:84","2025-01-21 18:55:43",0
127794779,"196","197","F0:08:D1:D0:7B:84","2025-01-21 18:55:43",0
127794778,"196","195","F0:08:D1:D0:7B:84","2025-01-21 18:55:43",0
127794777,"196","195","F0:08:D1:D0:7B:84","2025-01-21 18:55:43",0
127794776,"196","197","F0:08:D1:D0:7B:84","2025-01-21 18:55:43",0
127794775,"196","195","F0:08:D1:D0:7B:84","2025-01-21 18:55:43",0
127794773,"196","195","F0:08:D1:D0:7B:84","2025-01-21 18:55:43",0
127794767,"197","195","F0:08:D1:D0:7B:84","2025-01-21 18:55:42",0
127794772,"196","197","F0:08:D1:D0:7B:84","2025-01-21 18:55:42",0
127794771,"197","196","F0:08:D1:D0:7B:84","2025-01-21 18:55:42",0
127794770,"197","195","F0:08:D1:D0:7B:84","2025-01-21 18:55:42",0
127794769,"197","197","F0:08:D1:D0:7B:84","2025-01-21 18:55:42",0
127794768,"197","195","F0:08:D1:D0:7B:84","2025-01-21 18:55:42",0
127794766,"197","195","F0:08:D1:D0:7B:84","2025-01-21 18:55:42",0
127794763,"197","195","F0:08:D1:D0:7B:84","2025-01-21 18:55:41",0
127794765,"197","196","F0:08:D1:D0:7B:84","2025-01-21 18:55:41",0
127794764,"197","195","F0:08:D1:D0:7B:84","2025-01-21 18:55:41",0
127794762,"196","195","F0:08:D1:D0:7B:84","2025-01-21 18:55:41",0
127794761,"196","196","F0:08:D1:D0:7B:84","2025-01-21 18:55:41",0
127794760,"196","195","F0:08:D1:D0:7B:84","2025-01-21 18:55:41",0
127794759,"197","197","F0:08:D1:D0:7B:84","2025-01-21 18:55:41",0
127794751,"196","195","F0:08:D1:D0:7B:84","2025-01-21 18:55:40",0
127794758,"197","196","F0:08:D1:D0:7B:84","2025-01-21 18:55:40",0
127794757,"85","195","F0:08:D1:D0:7B:84","2025-01-21 18:55:40",0
127794756,"196","195","F0:08:D1:D0:7B:84","2025-01-21 18:55:40",0
127794755,"196","195","F0:08:D1:D0:7B:84","2025-01-21 18:55:40",0
127794754,"196","196","F0:08:D1:D0:7B:84","2025-01-21 18:55:40",0
127794753,"196","196","F0:08:D1:D0:7B:84","2025-01-21 18:55:40",0
127794752,"196","195","F0:08:D1:D0:7B:84","2025-01-21 18:55:40",0
127794745,"196","195","F0:08:D1:D0:7B:84","2025-01-21 18:55:39",0
127794750,"196","196","F0:08:D1:D0:7B:84","2025-01-21 18:55:39",0
127794749,"196","195","F0:08:D1:D0:7B:84","2025-01-21 18:55:39",0
127794748,"196","197","F0:08:D1:D0:7B:84","2025-01-21 18:55:39",0
127794747,"196","196","F0:08:D1:D0:7B:84","2025-01-21 18:55:39",0
127794746,"196","196","F0:08:D1:D0:7B:84","2025-01-21 18:55:39",0
127794744,"196","195","F0:08:D1:D0:7B:84","2025-01-21 18:55:39",0
127794739,"196","197","F0:08:D1:D0:7B:84","2025-01-21 18:55:38",0
127794743,"196","197","F0:08:D1:D0:7B:84","2025-01-21 18:55:38",0
127794742,"196","195","F0:08:D1:D0:7B:84","2025-01-21 18:55:38",0
127794738,"196","195","F0:08:D1:D0:7B:84","2025-01-21 18:55:38",0
127794741,"196","197","F0:08:D1:D0:7B:84","2025-01-21 18:55:38",0
127794740,"196","197","F0:08:D1:D0:7B:84","2025-01-21 18:55:38",0
127794737,"196","195","F0:08:D1:D0:7B:84","2025-01-21 18:55:38",0
